<?xml version="1.0" encoding="UTF-8" standalone="yes"?>
<addon id="repository.Vivanadal" name="Vivanadal Repo" version="1.0" provider-name="Vivanadal">
    <extension point="xbmc.addon.repository" name="Vivanadal Repo">
        <dir>
            <info compressed="false">https://raw.githubusercontent.com/vivanadal/1988/main/repo/zips/addons.xml</info>
            <checksum>https://raw.githubusercontent.com/vivanadal/1988/main/repo/zips/addons.xml.md5</checksum>
            <datadir zip="true">https://raw.githubusercontent.com/vivanadal/1988/main/repo/zips/</datadir>
        </dir>
    </extension>
    <extension point="xbmc.addon.metadata">
        <summary>Vivanadal Repository</summary>
        <description>Repo de Vivanadal</description>
        <disclaimer></disclaimer>
        <platform>all</platform>
        <assets>
            <icon>icon.png</icon>
            <fanart>fanart.jpg</fanart>
        </assets>
    </extension>
</addon>